{
    "loss": 0.9296231269836426,
    "accuracy": 0.5906000137329102
}